{"epoch": 50000, "PDE loss": 1.6967690044111805e-06, "Pipe loss": 58.02146911621094, "Top tile loss": 63.78657531738281, "Total loss": 121.80804613036275, "_timestamp": 1708646922.9969192, "_runtime": 987.3295850753784, "_step": 49999, "_wandb": {"runtime": 987}}