{"epoch": 50000, "PDE loss": 1.134447693824768, "Pipe loss": 31.825010299682617, "Top tile loss": 40.221160888671875, "Total loss": 73.18061888217926, "_timestamp": 1708647017.7368062, "_runtime": 970.6752362251282, "_step": 49999, "_wandb": {"runtime": 970}}